"","custom_design_to"
"1462,1577","Babies P-2HP"
"1462,1577","Babies P-2J"
"1462,1577","Babies P-1A"
"1462,1577","Babies P-1BK"
"1462,1577","Babies P-1YO"
"1462,1577","Babies P-695C"
"1462,1577","Babies P-695H"
"1462,1577","Babies P-695I"
"1462,1577","Babies P-695J"
"1463,1583","B-93H"
"1463,1583","B-93J"
"1464,1578,1579","Babies H-1 Belly"
"1464,1578,1579","Babies H-1 Koala"
"1464,1578,1579","Babies H-1 Tiger"
"1465,1580,1581","R-1B"
"1465,1580,1581","R-1C"
"1466","4102"
"1466","4105"
"1466","4109"
"1466","4159"
"1466","4201"
"1466","4202"
"1466","4203"
"1466","4204"
"1466","4205"
"1466","4208"
"1466","4216"
"1466","4217"
"1466","4218"
"1466","4221"
"1466","4227"
"1466","4237"
"1466","4242"
"1466","4243"
"1466","4245"
"1466","4247"
"1466","4248"
"1466","5103"
"1466","5104"
"1466","5105"
"1466","5106"
"1466","5107"
"1466","5108"
"1466","5109"
"1466","5110"
"1466","70202"
"1466","80200"
"1467","YS502 BGS"
"1467","YS502 BLC"
"1467","YS502 GRC"
"1467","YS502 OWL"
"1467","YS502 RDF"
"1468,1469,1470,1564,1587","514101015"
"1468,1469,1470,1564,1587","512101021"
"1468,1469,1470,1564,1587","512101023"
"1468,1469,1470,1564,1587","512101027"
"1468,1469,1470,1564,1587","514101011"
"1468,1469,1470,1564,1587","514101013"
"1468,1469,1471,1564,1593","512113013"
"1468,1469,1471,1564,1593","512113017"
"1468,1469,1471,1564,1593","512113019"
"1468,1469,1471,1564,1593","512113015"
"1468,1469,1472,1564,1592","512106021"
"1468,1469,1472,1564,1592","512106023"
"1468,1469,1472,1564,1592","512106027"
"1468,1469,1472,1564,1592","514106021"
"1468,1469,1472,1564,1592","512106019"
"1468,1469,1472,1564,1592","514106013"
"1468,1469,1472,1564,1592","512106025"
"1468,1469,1473,1564,1592","512107023"
"1468,1469,1473,1564,1592","514107031"
"1468,1469,1473,1564,1592","512107019"
"1468,1469,1473,1564,1592","514107023"
"1468,1469,1473,1564,1592","512107025"
"1468,1469,1474,1564,1593","514112015"
"1468,1469,1474,1564,1593","512112027"
"1468,1469,1474,1564,1593","512112019"
"1468,1469,1474,1564,1593","514112013"
"1568,1596","Cozy DOU 2 in 1Navy"
"1596","Cozy DOU 2 в 1 Red"
"1568,1599","Cozy Smart 2 in 1 Red"
"1568,1599","Cozy Smart 2 in 1 Black"
"1568,1599","Cozy Smart 2 in 1 Nаvy"
"1568,1608","Cozy Smart Black"
"1568,1608","Cozy Smart Nаvy"
"1568,1608","Cozy Smart Red"
"1479,1480,1481,1564,1593","513102017"
"1479,1480,1481","513102021"
"1479,1480,1481","513102001"
"1479,1480,1482","513104033"
"1479,1480,1483","514119017"
"1479,1480,1483","514119011"
"1479,1480,1483","514119009"
"1479,1480,1483","514119015"
"1479,1480,1483","513119009"
"1479,1480,1483","513119015"
"1479,1480,1483","513119017"
"1479,1480,1483","513119011"
"1479,1480,1483","513119005"
"1479,1480,1483","513119007"
"1479,1480,1483","513119013"
"1479,1480,1484","513109005"
"1479,1480,1484","513109006"
"1479,1480,1484","513109004"
"1479,1480,1485","513111009"
"1479,1480,1485","514111009"
"1479,1480,1485","514111003"
"1479,1480,1485,1564,1592","512111005"
"1479,1480,1485,1564,1592","513111005"
"1479,1480,1485,1564,1592","514111002"
"1479,1480,1485,1564,1592","512111004"
"1479,1480,1485,1564,1592","512111007"
"1479,1480,1485,1564,1592","514111006"
"1479,1480,1485,1564,1592","513111006"
"1479,1480,1485,1564,1592","514111005"
"1479,1480,1485,1564,1592","514111001"
"1479,1480,1485,1564,1592","513111003"
"1479,1480,1485,1564,1592","514111004"
"1479,1480,1485,1564,1592","514111010"
"1479,1480,1485,1564,1592","513111004"
"1479,1480,1485,1564,1592","513111007"
"1479,1480,1485,1564,1592","514111008"
"1479,1480,1485,1564,1592","514111007"
"1479,1480,1485,1564,1592","512111006"
"1479,1480,1486,1564,1588","513105014"
"1479,1480,1486,1564,1588","513105013"
"1479,1480,1486,1564,1588","513105011"
"1479,1480,1486,1564,1588","513105010"
"1479,1480,1486,1564,1588","513105012"
"1479,1480,1486,1564,1588","513105009"
"1479,1480,1487,1564,1593","513115007"
"1479,1480,1488,1564,1593","513117009"
"1479,1480,1488,1564,1593","514117003"
"1479,1480,1488,1564,1593","512117007"
"1479,1480,1488,1564,1593","513117017"
"1479,1480,1488,1564,1593","514117011"
"1479,1480,1488,1564,1593","513117011"
"1479,1480,1488,1564,1593","514117009"
"1479,1480,1488,1564,1593","514117001"
"1479,1480,1488,1564,1593","513117005"
"1479,1480,1488,1564,1593","514117007"
"1479,1480,1488,1564,1593","513117013"
"1479,1480,1488,1564,1593","514117015"
"1479,1480,1488,1564,1593","514117013"
"1479,1480,1488,1564,1593","513117001"
"1479,1480,1488,1564,1593","512117011"
"1479,1489,1490","511409003"
"1479,1489,1490,1564,1586","511409002"
"1479,1489,1490,1564,1586","513126002"
"1479,1489,1490","511411001"
"1479,1489,1490","513408001"
"1479,1489,1490","511407001"
"1479,1489,1490","512400001"
"1479,1489,1490","511410001"
"1479,1489,1490","513407005"
"1479,1489,1491","513402007"
"1479,1489,1491","513402005"
"1479,1489,1491","513402003"
"1479,1489,1491","513402001"
"1479,1489,1492","512405005"
"1479,1489,1492","512405001"
"1479,1489,1492","511412005"
"1479,1489,1492","511412003"
"1479,1489,1492","512405003"
"1479,1493,1494","513303004"
"1479,1493,1494","513303005"
"1479,1493,1494","513303003"
"1479,1493,1494","513303002"
"1479,1493,1494","513303025"
"1479,1493,1494","513303001"
"1479,1493,1495","512302005"
"1479,1493,1495","513302003"
"1479,1493,1495","513302002"
"1479,1493,1495","513302001"
"1479,1493,1495","512302003"
"1479,1493,1496","513304002"
"1479,1493,1496","513304001"
"1479,1497,1568,1608","513207012"
"1479,1497,1568,1608","512207007"
"1479,1497,1568,1608","513207011"
"1479,1497,1568,1599","513207033"
"1479,1497,1568,1608","513207010"
"1479,1497,1568,1608","513207009"
"1479,1497,1568,1599","512208002"
"1479,1497,1568,1608","513202015"
"1479,1497,1568,1608","513202011"
"1479,1497,1568,1608","513202030"
"1479,1497,1568,1608","513202009"
"1479,1497,1568,1608","512201007"
"1479,1497,1568,1608","512201010"
"1479,1497,1568,1608","513204009"
"1479,1497,1568,1608","513204008"
"1479,1497,1608","513204007"
"1479,1497,1568,1608","513204006"
"1479,1497,1568,1596","513206003"
"1479,1497,1568,1596","513206002"
"1479,1497,1568,1596","513206001"
"1479,1497,1568,1596","512206002"
"1479,1497,1568,1596","512206003"
"1479,1503,1505","512403001"
"1479","512210001"
"1479","512210002"
"1479,1599","513209016"
"1509,1510,1511,1564,1590","86087887"
"1509,1510,1511,1564,1590","86085312"
"1509,1510,1511,1564,1590","86085292"
"1509,1510,1511,1564,1590","86087327"
"1509,1510,1511,1564,1590","86085952"
"1509,1510,1511,1564,1590","86088227"
"1509,1510,1511,1564,1590","860088147"
"1509,1510,1511,1564,1590","86085947"
"1509,1510,1511,1564,1590","86085357"
"1509,1510,1512,1564,1587","61746960"
"1509,1510,1512,1564,1587","61745950"
"1509,1510,1512,1564,1587","61748220"
"1509,1510,1512,1564,1587","61777310"
"1509,1510,1512,1564,1587","61746850"
"1509,1510,1512,1564,1587","61746860"
"1509,1510,1512,1564,1587","61745940"
"1509,1510,1512,1564,1587","61745350"
"1509,1510,1513,1564,1587","68877990"
"1509,1510,1513,1564,1587","68846090"
"1509,1510,1513,1564,1587","68840180"
"1509,1510,1513,1564,1587","68846110"
"1509,1510,1513,1564,1587","68842180"
"1509,1510,1514,1564,1593","87645312"
"1509,1510,1514,1564,1593","87645952"
"1509,1510,1514,1564,1593","87645522"
"1509,1510,1514,1564,1593","87645372"
"1509,1510,1514,1564,1593","87645352"
"1509,1510,1515,1564,1588","85366961"
"1509,1510,1515,1564,1588","85365291"
"1509,1510,1515,1564,1588","85365951"
"1509,1510,1515,1564,1588","85365941"
"1509,1510,1515,1564,1588","85365351"
"1509,1510,1516,1564,1588","85255317"
"1509,1510,1516,1564,1588","85255952"
"1509,1510,1516,1564,1588","85255942"
"1509,1510,1517,1564,1590","63415490"
"1509,1510,1517,1564,1590","63415310"
"1509,1510,1517,1564,1590","63416960"
"1509,1510,1517,1564,1590","63415290"
"1509,1510,1517,1564,1590","63415950"
"1509,1510,1517,1564,1590","63418220"
"1509,1510,1517,1564,1590","63415280"
"1509,1510,1517,1564,1590","63415520"
"1509,1510,1517,1564,1590","63416850"
"1509,1510,1517,1564,1590","63416860"
"1509,1510,1517,1564,1590","63415370"
"1509,1510,1517,1564,1590","63415940"
"1509,1510,1517,1564,1590","63415350"
"1509,1510,1518,1564,1587","63004220"
"1509,1510,1518,1564,1587","63015310"
"1509,1510,1518,1564,1587","63003990"
"1509,1510,1518,1564,1587","63016960"
"1509,1510,1518,1564,1587","63015290"
"1509,1510,1518,1564,1587","63015710"
"1509,1510,1518,1564,1587","63015950"
"1509,1510,1518,1564,1587","6301822"
"1509,1510,1518,1564,1587","63015280"
"1509,1510,1518,1564,1587","63016780"
"1509,1510,1518,1564,1587","63016850"
"1509,1510,1518,1564,1587","63015380"
"1509,1510,1518,1564,1587","63016860"
"1509,1510,1518,1564,1587","63015370"
"1509,1510,1518,1564,1587","63015940"
"1509,1510,1518,1564,1587","63015350"
"1509,1510,1519,1564,1590","63606090"
"1509,1510,1519,1564,1590","63606390"
"1509,1510,1519,1564,1590","63603220"
"1509,1510,1519,1564,1590","63606110"
"1509,1510,1519,1564,1590","63606380"
"1509,1510,1520,1564,1590","64106120"
"1509,1510,1520,1564,1590","64105910"
"1509,1510,1520,1564,1590","64103870"
"1509,1510,1520,1564,1590","64106640"
"1509,1510,1520,1564,1590","64103080"
"1509,1510,1520,1564,1590","64102770"
"1509,1510,1520,1564,1590","64108220"
"1509,1510,1520,1564,1590","64106650"
"1509,1510,1520,1564,1590","64103060"
"1509,1510,1520,1564,1590","64106180"
"1509,1510,1520,1564,1590","64102210"
"1509,1510,1520,1564,1590","64105350"
"1509,1510,1521,1564,1593","75115390"
"1509,1510,1521,1564,1593","75103870"
"1509,1510,1521,1564,1593","75116960"
"1509,1510,1521,1564,1593","75115290"
"1509,1510,1521,1564,1593","75106160"
"1509,1510,1521,1564,1593","75115950"
"1509,1510,1521,1564,1593","75118220"
"1509,1510,1521,1564,1593","75116860"
"1509,1510,1521,1564,1593","75115940"
"1509,1510,1521,1564,1593","75115350"
"1509,1510,1522,1564,1593","87445312"
"1509,1510,1522,1564,1593","87446962"
"1509,1510,1522,1564,1593","87445292"
"1509,1510,1522,1564,1593","87445952"
"1509,1510,1522,1564,1593","87446862"
"1509,1510,1522,1564,1593","87445942"
"1509,1510,1522,1564,1590","87445352"
"1509,1510,1523,1564,1590","76406960"
"1509,1510,1523,1564,1590","76405290"
"1509,1510,1523,1564,1590","76405950"
"1509,1510,1523","96405940"
"1509,1510,1523,1564,1590","76405350"
"1509,1510,1524,1564,1590","60105490"
"1509,1510,1524,1564,1590","60104220"
"1509,1510,1524,1564,1590","60105310"
"1509,1510,1524,1564,1590","60103990"
"1509,1510,1524,1564,1590","60106960"
"1509,1510,1524","60105290"
"1509,1510,1524,1564,1590","60105950"
"1509,1510,1524,1564,1590","60102820"
"1509,1510,1524,1564,1590","60108220"
"1509,1510,1524,1564,1590","60105520"
"1509,1510,1524,1564,1590","60105940"
"1509,1510,1524,1564,1590","60105350"
"1509,1510,1525,1564,1587","63310080"
"1509,1526,1527","63800080"
"1509,1526,1527","Lascal 2730"
"1509,1526,1527","Lascal 2750"
"1509,1526,1527","61100260"
"1509,1526,1527,1564,1586","61408130"
"1509,1526,1527,1564,1586","61403160"
"1509,1526,1527,1564,1586","61408120"
"1509,1526,1527,1564,1586","73603170"
"1509,1526,1527","73608130"
"1509,1526,1527","73608120"
"1509,1526,1527","73708120"
"1509,1526,1527,1564,1586","24683157"
"1509,1526,1527","69200300"
"1509,1526,1527,1564,1586","69200170"
"1509,1526,1527,1564,1586","77603160"
"1509,1526,1527","600008120"
"1509,1526,1528","74203560"
"","indian"
"","red sea"
"","fiji"
"1568,1595","Gorvet frame"
"1568,1595","W-WDZ03-00417"
"1568,1595","W-WDZ03-00438"
"1568,1595","W-WDZ03-00416"
"1568,1595","W-WDZ03-00437"
"","70301850"
"1568,1608","72906780"
"1568,1608","72906790"
"1568,1608","72907430"
"1539","C-L 001"
"1539","C-L 004"
"1539","C-L 005"
"1543","2834-103F-01 Aqua Blue"
"1544","BS06-B3 Azury grid"
"1545","BS05 3701-2401Black"
"1545","BS05 3721-2421Beige"
"1542,1546,1547,1564,1590","BS02-B3 101-19A"
"1542,1546,1547,1564,1590","BS02-B3 101-19B"
"1542,1546,1547,1564,1590","BS02-B3 1505-1405"
"1542,1546,1547,1564,1590","BS02-B3 2203-32"
"1542,1546,1547,1564,1590","BS02-B3 2503-04"
"1542,1546,1548,1564,1591","BS02-TB7 2801-4901"
"1542,1546,1548,1564,1591","BS02-TB7 3304-2855-03"
"1542,1549,1550,1564,1591","BS02-SE2 3056-103F"
"1542,1549,1550,1564,1591","BS02-SE25 3304-2855-03"
"1542,1549,1550,1564,1591","BS02-SE5 5411-02-4411"
"1542,1549,1550,1564,1591","BS02-SE7 2801-4901"
"1542,1549,1551,1564,1591","BS02-SCE25 3304-2855-03"
"1542,1549,1551,1564,1591","BS02-SCE5 3811-2702-3511"
"1542,1549,1551,1564,1591","BS02-SCE5 731-30-3230"
"1542,1549,1551,1564,1591","BS02-SCE7 2801-4901"
"1542,1549,1552,1564,1591","BS02-TPSCE5 731-30-3230"
"1542,1549,1552,1564,1591","BS02-TSCE25 3304-2855-03"
"1542,1549,1552,1564,1591","BS02-TSCE5 5411-02-4411"
"1542,1549,1552,1564,1591","BS02-TSCE7 2801-49-01"
"1542,1553,1554,1564,1592","BS07-B1 2702-3811-3511"
"1542,1553,1555,1564,1592","BS07-BCE1 3701-2401"
"1556","2103-2844 Grey"
"1556","2130-2831 Violet"
"1556","2111-2834 Blue"
"1557,1564,1593","PG03-C3 101E"
"1557,1564,1593","PG05-C2 2834-103F-101"
"1558","1846-32-444"
"1479,1480,1481,1564,1592","513102011"
"1479,1480,1482,1564,1587","514104007"
"1479,1480,1482,1564,1587","514104015"
"1479,1480,1482,1564,1587","514104013"
"1479,1480,1484,1564,1592","514109003"
"1479,1480,1484,1564,1592","514109007"
"1479,1480,1484,1564,1592","514109006"
"1479,1480,1487","514115009"
"1479,1480,1487,1564,1593","514115007"
"1479,1480,1487,1564,1593","514115005"
"1479,1480,1487,1564,1593","514115013"
"1479,1480,1488","514117017"
"1509,1510,1511,1564,1590","86088147"
"1509,1510,1512,1564,1587","61707880"
"1509,1510,1512,1564,1587","61778140"
"1509,1510,1516,1564,1588","85255312"
"1509,1510,1518,1564,1587","63077880"
"3","Multi -giraffe"
"3","Multi -stripes"
"3","Multi -bubbles"
"3","Babies P-2H"
"3","50019003"
"3","50014003"
"3,1564,1587","61745280"
"3,1564,1590","63606690"
"3,1564,1593","75116170"
"3","69400000"
"3","Lascal 2740"
"3,1564,1586","61400490"
"3,1564,1586","73708130"
"3,1564,1586","61400170"
"3,1564,1586","73703160"
"3,1564,1586","64203160"
"3,1564,1586","64703160"
"3,1584,1601","VipLex A-02"
"3,1584,1601","VipLex B-02"
"3,1584,1601","VipLex W-01"
"3,1564,1587","BS06-LM3 3304-2803-55"
"3,1564,1587","BS06-LM3 5411-02-4411"
"3,1564,1591","BS02-TBCE4 5411-02-4411"
"3,1564,1590","BS02-TBCE4 731-30-3230"
"3","2105-2817 Red"
"3","217-2815 Yallow"
"3,1564,1593","PG05-C2 2804-103f-101"
"3,1564,1594","PG05-C2 2834-103F-01"
"3,1600","P-65B Синий голубой"
"3,1600","P-65C Салатовый оранжевый"
"3,1600","P-66 Голубой"
"3,1600","P-66 Розовый"
"3","B-62H"
"3","B-62J"
"3","Babies H-1 Panda"
"3,1564,1587","512101017"
"3,1564,1590","512107021"
"3,1564,1590","512107027"
"3,1564,1593","512112021"
"3,1564,1593","512112023"
"3,1564,1587","514104152"
"3,1564,1587","514104150"
"3,1564,1587","514104154"
"3,1564,1593","514120017"
"3,1564,1593","514120005"
"3,1564,1593","514120011"
"3,1564,1593","514120009"
"3,1564,1593","514120007"
"3,1564,1593","514120019"
"3,1564,1593","514120015"
"3,1564,1593","514120013"
"3,1564,1593","514120021"
"3,1564,1593","514120025"
"3,1564,1593","514120023"
"3,1564,1593","514120027"
"3,1564,1587","512103011"
"3,1564,1587","514104018"
"3,1564,1587","514104006"
"3,1564,1587","514104002"
"3,1564,1587","514104008"
"3,1564,1587","514104014"
"3,1593","514117005"
"3,1564,1587","514121003"
"3","511407003"
"3,1564,1590","86086962"
"3,1564,1587","61777320"
"3,1564,1588","85365311"
"3,1564,1588","85367327"
"3","85368141"
"3","63413630"
"3","63407320"
"3","63417310"
"3,1587","63073630"
"3,1587","63018220"
"3,1587","63077310"
"3,1587","63078140"
"3,1590","63606340"
"3,1590","63607990"
"3,1590","64108050"
"3,1593","75117880"
"3,1593","75113630"
"3,1593","75117320"
"3,1593","75117310"
"3,1593","75118140"
"3,1593","87447317"
"3,1590","76417320"
"3,1590","76418140"
"3,1590","60107880"
"3,1590","60103637"
"3,1590","60107320"
"3,1590","60108140"
"3,1568,1608","78906980"
"3,1568,1608","78906780"
"3,1589","2 BS01-B3 32B58B-7B13B-7A"
"3,1591","2 BS01-BCE1 3721-2421"
"3,1591","2 BS01-BCE1 3701-2401"
"3,1592","BS07-BCE1 3721-2421"
"3,1592","BS07-BCE1 Regal Duke/Beig"
"3,1592","BS07-BCE1 Regal Duke/Blac"
"3,1586","DS06-T"
"3","WSL-neck Белый 1804"
"3","WSL-neck Розовый 1817"
"3","WSL-neck Синий"
"3,1586","WSL-SET Blue"
"3,1586","WSL-SET Grey"
"3,1586","WSL-SET Nevy"
"3,1586","WSL-SET Red"
"3,1586","WSL-bag"
"3,1594","PG05-C2 2801-103f-101"
"3","514104151"
"3","514104149"
"3","514104153"
"3,1587","514104216"
"3,1587","514104204"
"3,1587","514104206"
"3,1587","514104212"
"3,1593","514115001"
"3,1593","514115011"
"3,1568","514202006"
"3,1568","514202008"
"3,1568","514202010"
"3,1568","514204006"
"3,1568","514204008"
"3,1568","514204010"
"3,1590","79017880"
"3,1590","79015310"
"3,1590","79018220"
"3,1590","79018140"
"3,1590","79015350"
"3,1590","86085317"
"3,1587","61773630"
"3,1590","63418140"
"3,1587","63077320"
"3,1593","87447882"
"3","79100080"
"3,1568,1608","78905780"
"3,1590","BS02-D4-4465D-2813-27"
"3,1590","BS02-D7-3258B-713B-708"
"3,1590","BS02-D4-4465C-2855-38"
"3,1590","BS02-D4-4462А-2801-05"
"3,1590","BS02-D7-2801-4901"
"3,1590","BS02-D5-2801-4461-2401"
"3,1592","BS07-TTBCE1-2801-4461-240"
"3,1592","BS07-TTBCE3-3258B-713B708"
"3,1592","BS07-TTBCE2-4495D-2813-27"
"3,1592","BS07-TTBCE2-4465C-2855-38"
"3,1592","BS07-TTBCE2-4462A-2801-05"
"3,1592","BS07-TTBCE3-2801-4901"
"1568,1595","050014003"
"1564,1592","514115015"
"1564,1593","513115005"
"1564,1593","87448147"
"1564,1586","692003001"
"1564,1587","BS06-LM3 "
"1564,1587","5411-02-4411"
